family,twinno,earning,schyear,highqua,twihigh,age,LNandSE,part,full,self,married,own_exp,bweight,exp_par,parted,sm16,sm18
1,1,4.6597633,11,12,12,58,1,1,0,0,0,14,92,,,1,1
1,2,12.980769,11,12,12,58,1,0,1,0,0,7,90,,,1,1
2,1,8.8357592,12,11,11,30,0,0,1,0,0,10,81,,,0,1
2,2,4.2218933,12,11,11,30,0,0,1,0,0,11,87,,,0,1
3,1,4.6875,11,11,10,36,0,1,0,0,1,7,77,30,1,1,1
3,2,4.8076925,11,10,11,36,0,0,1,0,0,10,74,20,7,1,1
4,1,43.26923,12,14,14,31,1,0,0,1,1,14,,16,6,1,1
4,2,13.869423,13,16,14,31,1,0,1,0,1,13,112,17,8,1,1
5,1,10.096154,11,12,16,35,1,0,1,0,0,19,103,,,1,1
5,2,8,11,16,12,35,1,0,1,0,1,19,70,16,3,1,1
6,1,4.5150499,13,12,12,22,0,0,1,0,0,,70,,,0,0
6,2,5.9340658,13,12,12,22,0,0,1,0,0,,74,,,0,0
7,1,11.628896,17,16,12,31,0,0,1,0,0,11,91,,,0,0
7,2,5.6999998,11,12,16,31,0,1,0,0,0,11,109,,,0,0
8,1,8.1318684,15,16,16,24,1,0,1,0,0,3,96,,,1,1
8,2,7.4844074,19,17,16,24,1,0,1,0,0,0,96,11,4,1,1
9,1,2.6546154,11,11,12,45,1,1,0,0,1,25,37,14,2,0,1
9,2,67.307693,13,12,12,45,1,1,0,0,1,6,,20,8,1,1
10,1,3.5999999,,17,17,22,0,1,0,0,0,3,78,,,0,0
10,2,2.5,16,17,14,22,0,0,1,0,0,,78,,,0,0
11,1,15,12,12,12,41,1,0,0,1,1,7,69,20,6,0,0
11,2,10.576923,13,16,12,41,0,0,1,0,0,11,58,10,8,0,0
12,1,4.765625,12,12,12,39,1,1,0,0,0,4,103,15,8,0,0
12,2,5.3868752,12,12,12,39,1,1,0,0,1,2,103,20,7,0,0
13,1,6.8681316,17,17,17,30,0,0,1,0,1,3,86,2,8,0,1
13,2,10.121457,16,17,17,30,0,0,1,0,1,5,,,8,0,1
14,1,10.683761,13,16,17,31,1,0,1,0,0,13,115,,,0,0
14,2,18.26923,16,17,16,31,1,0,0,0,1,10,113,6,6,0,0
15,1,9.6659918,18,17,17,36,0,0,1,0,0,10,52,10,8,0,0
15,2,13.822115,16,17,17,36,0,0,1,0,0,15,73,18,7,0,0
16,1,10.470374,10,17,15,52,1,0,1,0,1,37,68,10,8,0,0
16,2,12.145749,12,17,17,52,0,0,1,0,1,34,66,45,2,0,0
17,1,13.26,11,12,12,34,1,0,0,0,0,17,89,20,4,1,1
17,2,6,13,12,12,34,1,1,0,0,0,3,92,18,4,1,1
18,1,5.5873179,10,11,11,52,0,0,0,0,1,13,75,36,8,0,1
18,2,6.7567568,10,11,11,52,1,0,1,0,1,,,,8,0,0
19,1,7.2263746,13,14,17,35,1,1,0,0,1,3,96,1,2,0,0
19,2,6,18,17,14,35,0,1,0,0,1,5,74,3,8,0,0
20,1,8.7406445,17,17,17,31,1,0,1,0,0,8,103,,,0,0
20,2,8.3160086,16,17,17,31,0,0,1,0,1,9,108,9,7,0,0
21,1,6.5934067,13,16,17,26,0,0,1,0,0,2,86,,,0,0
21,2,7.0456042,16,16,12,26,0,0,1,0,0,5,96,4,7,0,0
22,1,2.218935,10,11,11,57,1,0,0,1,1,22,56,12,1,0,0
22,2,3.2467532,10,11,11,57,1,0,0,,1,2,72,2,3,0,1
23,1,6.0500002,11,12,12,49,0,1,0,0,1,2,,9,,0,0
23,2,3.1153846,11,12,12,49,1,1,0,0,1,8,,33,7,0,0
24,1,7.1434512,10,12,12,57,0,0,1,0,1,9,91,8,,0,0
24,2,10.914761,10,12,12,57,0,0,1,0,0,6,99,30,6,0,1
25,1,10.525641,17,17,17,43,0,0,1,0,0,19,93,,,0,0
25,2,11.904762,16,17,17,43,0,0,1,0,1,7,82,,8,0,0
26,1,5.6500001,12,14,14,47,1,1,0,0,1,4,,12,7,0,0
26,2,7.3717947,12,12,14,47,1,0,0,0,1,10,72,10,8,0,0
27,1,4.6981759,14,12,14,21,0,0,1,0,0,3,73,,,1,1
27,2,8.0128202,13,14,12,21,0,0,1,0,0,2,93,4,5,0,0
28,1,17.307692,16,17,17,27,1,0,1,0,0,4,69,,,0,0
28,2,12.087913,16,17,17,27,1,0,1,0,0,5,94,,,0,0
29,1,10.489511,10,10,10,45,1,0,1,0,1,19,100,25,1,1,1
29,2,5,10,10,10,45,1,0,1,0,1,12,73,3,1,1,1
30,1,11.324786,11,17,12,48,1,0,1,0,0,15,91,,,0,0
30,2,9.6978025,11,12,10,48,0,0,1,0,1,18,97,5,6,0,0
31,1,8.604701,13,12,12,29,1,0,1,0,1,9,71,12,7,0,0
31,2,10.156667,13,12,12,29,1,0,1,0,1,9,73,12,7,0,0
32,1,10.810811,13,14,14,32,0,0,1,0,0,,94,,6,1,1
32,2,12.820513,12,12,12,32,0,0,1,0,1,4,109,,8,0,1
33,1,.24038461,10,10,10,51,0,0,0,1,1,6,116,8,,1,1
33,2,4.4711537,10,10,10,51,0,0,1,0,0,3,,,4,0,0
34,1,14.285714,17,17,17,34,1,0,0,1,1,11,92,11,7,0,0
34,2,17.307692,17,17,17,34,1,0,0,0,1,2,114,1,8,0,0
35,1,10.489511,17,17,17,31,1,0,1,0,1,9,75,11,8,0,0
35,2,38.46154,17,17,17,31,1,0,1,0,0,9,74,10,7,0,0
36,1,12.900641,14,14,14,49,1,0,1,0,0,55,100,0,,0,0
36,2,12.598684,13,16,12,49,1,0,1,0,0,31,98,,,0,0
37,1,9.9358978,11,12,11,46,1,0,1,0,1,13,57,13,5,0,1
37,2,9.6673594,11,11,12,46,1,0,1,0,0,12,47,10,1,1,1
38,1,5,10,11,11,52,1,1,0,0,1,12,64,1,1,0,0
38,2,4.0714288,10,11,11,52,1,1,0,0,1,11,80,,8,0,0
39,1,8.4070511,11,12,12,39,0,1,0,0,1,3,73,10,1,1,1
39,2,4.25,11,12,12,39,0,1,0,0,1,22,82,20,6,1,1
40,1,9.2307692,16,17,16,42,0,0,0,0,1,20,103,12,8,0,0
40,2,8.1282148,16,17,17,42,0,0,0,0,1,21,117,18,6,0,1
41,1,8.6522865,12,15,15,39,0,0,1,0,0,20,65,,,0,0
41,2,9.2671518,12,15,15,39,0,0,1,0,0,14,92,,,0,0
42,1,4.8000002,13,15,15,43,0,1,0,0,1,1,96,15,3,0,0
42,2,15.625,13,16,15,43,0,1,0,0,1,3,96,7,7,0,0
43,1,3.8461537,,17,17,21,1,0,0,0,0,,99,,,0,0
43,2,5.3182693,,17,17,21,1,0,0,0,0,16,97,,,0,0
44,1,11.954262,13,17,17,33,1,0,1,0,0,15,80,15,6,0,0
44,2,12.110188,13,17,17,33,0,0,1,0,0,10,,,,0,0
45,1,35.45673,11,12,12,40,0,0,1,0,1,6,87,32,,0,0
45,2,7.3426576,11,12,12,40,0,0,1,0,1,14,92,2,1,0,0
46,1,11.562592,12,14,17,39,1,0,1,0,0,20,101,24,3,0,0
46,2,17.692308,16,17,12,39,1,0,1,0,1,,108,,,0,0
47,1,24.948025,19,17,17,49,0,0,1,0,1,25,44,29,6,0,0
47,2,11.057693,17,17,17,49,0,0,1,0,1,21,56,,7,0,0
48,1,6.7110186,16,17,17,23,0,0,1,0,0,1,74,,,0,0
48,2,7.8895464,16,17,17,23,0,0,1,0,0,1,75,,,0,0
49,1,5.25,18,12,17,24,0,0,1,0,0,1,114,,,1,1
49,2,10.848126,18,17,12,24,1,0,1,0,0,1,,,,1,1
50,1,4.4499998,11,12,12,34,0,1,0,0,0,1,53,15,4,0,1
50,2,4.6666665,11,12,12,34,1,1,0,0,0,2,39,1,3,0,0
51,1,8.8031254,16,16,16,57,1,0,1,0,1,36,88,1,,1,1
51,2,7.8571429,19,17,16,57,1,1,0,0,0,35,84,,,0,0
52,1,4.3000002,,16,14,21,1,1,0,0,0,2,64,,,0,0
52,2,3.5999999,,14,16,21,1,1,0,0,0,,86,,,0,1
53,1,9.6153851,18,17,17,26,1,0,1,0,0,2,98,12,8,0,0
53,2,7.6028624,18,17,17,26,1,0,1,0,0,2,90,,,0,0
54,1,9.0384617,12,12,12,36,0,1,0,0,1,3,84,18,4,0,1
54,2,8.1282148,11,12,12,36,0,0,0,0,0,21,84,18,6,0,0
55,1,8.4615383,13,17,16,30,0,0,1,0,1,7,71,,8,1,1
55,2,10.135135,13,16,17,30,0,0,1,0,0,10,71,6,7,1,1
56,1,16.875,20,17,17,25,0,0,0,0,0,0,94,5,,0,0
56,2,16.875,20,17,17,25,0,0,0,0,0,1,109,1,6,0,0
57,1,12.046875,17,17,17,39,0,0,0,0,1,2,103,27,7,1,1
57,2,11.904762,17,17,16,39,0,0,1,0,0,17,101,,,0,0
58,1,9.8752594,12,16,16,42,0,0,1,0,0,20,64,,,1,1
58,2,11.217949,13,16,15,42,0,0,1,0,1,21,70,8,8,1,1
59,1,12.5,17,17,17,40,0,1,0,0,1,17,94,15,7,0,0
59,2,17.839973,18,17,17,40,0,1,0,0,1,17,94,17,8,0,0
60,1,9,11,17,12,46,0,0,0,0,0,12,,18,6,0,0
60,2,6.7307692,11,12,17,46,0,0,1,0,0,,,,,0,0
61,1,6.3873625,12,12,12,43,1,1,0,0,1,9,90,19,7,1,1
61,2,11.639676,12,12,12,43,1,0,1,0,1,20,85,28,4,0,0
62,1,6.4968815,11,12,12,55,0,0,1,0,1,9,98,38,4,0,0
62,2,15.057714,11,11,10,55,0,0,1,0,1,,92,,4,0,1
63,1,9.3374996,16,16,17,49,0,0,1,0,0,28,92,,,0,0
63,2,10.037308,17,17,16,49,0,0,1,0,1,27,76,27,7,0,0
64,1,4.8055124,16,17,17,22,0,0,1,0,0,1,98,,,0,0
64,2,4.8055124,16,17,17,22,0,0,1,0,0,1,77,,,0,0
65,1,20.604395,12,12,12,54,1,0,0,1,1,24,,30,7,0,0
65,2,5.3846154,12,12,12,54,1,1,0,0,1,5,,19,7,0,0
66,1,10.550495,12,15,15,54,0,0,1,0,0,,89,,,0,0
66,2,5.6897116,12,15,15,54,0,1,0,0,1,11,96,,,1,1
67,1,8.6000004,10,12,12,54,0,1,0,0,1,11,44,2,2,0,0
67,2,7.02,10,12,11,54,0,1,0,0,1,17,48,32,2,0,0
68,1,13.513514,24,17,15,43,0,0,1,0,1,15,86,5,4,0,0
68,2,8.2417583,13,15,17,43,1,0,1,0,0,3,106,,,0,0
69,1,4.9984813,,11,11,52,0,0,1,0,1,5,,29,7,0,0
69,2,7.0512819,10,11,11,52,1,0,1,0,1,7,72,,,0,0
70,1,6.0096154,10,16,10,45,0,0,1,0,1,11,78,2,1,0,1
70,2,3.956044,10,10,16,45,0,0,1,0,1,1,82,20,1,0,1
71,1,6.25,15,11,12,43,0,0,0,1,1,,108,,,1,1
71,2,5.197505,11,12,12,43,0,0,1,0,0,,120,,,1,1
72,1,4.8648648,11,12,11,43,1,0,1,0,0,1,82,,,0,0
72,2,19.466665,10,11,11,43,1,1,0,0,1,1,52,3,4,0,0
73,1,5.5,11,14,16,50,0,1,0,0,1,3,82,20,2,0,0
73,2,6.1802197,11,16,12,50,0,0,1,0,1,8,86,46,,0,0
74,1,6,10,10,10,51,1,0,1,0,1,21,54,22,6,0,0
74,2,5.6500001,10,10,10,51,1,1,0,0,1,23,49,23,3,1,1
75,1,8.2417583,17,17,17,28,1,0,1,0,1,6,,7,8,0,0
75,2,14.17004,19,17,17,28,1,0,1,0,1,5,65,6,6,0,1
76,1,10.256411,17,17,17,35,1,1,0,0,1,12,108,19,7,0,0
76,2,27.061966,17,17,17,35,0,0,1,0,0,12,81,,,0,0
77,1,7.2085018,12,17,12,34,1,0,0,0,0,4,108,,,0,1
77,2,5.9407482,11,12,12,34,1,0,1,0,0,11,106,,,0,1
78,1,10.180996,18,17,17,27,0,0,1,0,1,6,102,8,8,0,0
78,2,7.5385132,18,17,17,27,0,0,1,0,1,4,105,4,5,0,0
79,1,5.9771309,11,12,12,25,0,0,1,0,0,6,87,,,1,1
79,2,8.2435894,11,12,12,25,0,0,0,0,0,7,92,4,3,1,1
80,1,7.2115383,11,12,12,27,0,0,1,0,0,5,92,,,0,1
80,2,5.6706114,11,14,12,27,0,0,1,0,1,3,87,11,8,0,1
81,1,5.2197804,13,16,16,29,0,0,1,0,1,9,69,6,2,0,0
81,2,2.5,12,12,15,29,1,0,,0,1,3,51,12,3,0,1
82,1,21.559252,20,17,17,38,0,0,1,0,0,13,67,2,4,0,0
82,2,24.038462,16,17,17,38,0,0,0,,1,4,71,11,7,0,0
83,1,6.4903846,13,14,14,24,0,0,1,0,0,1,86,,,1,1
83,2,7.2115383,13,14,14,24,0,0,1,0,0,1,84,,,0,0
84,1,6.6105771,10,11,11,31,0,0,1,0,0,2,116,5,1,1,1
84,2,6.25,,12,12,31,0,1,0,0,1,4,112,11,6,0,1
85,1,5.4166665,11,11,11,48,0,1,0,0,1,9,65,5,7,0,0
85,2,3.9679487,24,11,11,48,0,0,1,0,1,1,37,32,4,1,1
86,1,6.1757984,12,16,12,28,0,0,1,0,1,4,86,8,4,0,0
86,2,6.3071728,12,12,16,28,0,0,1,0,0,11,78,,,0,0
87,1,9.0374222,12,16,14,33,0,0,1,0,1,8,,4,8,0,0
87,2,9.1476088,13,14,16,33,0,0,1,0,1,1,84,4,,0,0
88,1,38.46154,18,17,17,54,1,0,0,1,1,30,108,34,7,0,0
88,2,15.10989,20,17,17,54,1,0,1,0,0,20,84,,,0,0
89,1,7.5374999,13,12,12,36,0,0,1,0,1,17,93,9,1,0,1
89,2,7.5374999,10,12,12,36,0,0,1,0,0,17,81,,,0,0
90,1,9.0913372,13,15,16,47,1,1,0,0,1,25,105,36,3,0,1
90,2,6.9444447,13,16,15,47,0,1,0,0,1,3,90,29,7,0,0
91,1,8.6996336,21,17,17,32,1,0,1,0,1,5,100,2,8,0,0
91,2,9.6153851,17,17,17,32,1,0,1,0,0,3,126,4,7,0,0
92,1,10.62753,12,16,14,32,0,0,1,0,0,14,,,,0,0
92,2,8.6538458,11,12,16,32,0,0,1,0,1,1,,,,0,0
93,1,6.3795271,16,17,12,23,0,0,1,0,0,0,90,,,0,0
93,2,7.1960297,13,12,17,23,0,0,1,0,0,5,96,10,4,0,0
94,1,11.25,16,16,12,43,0,1,0,0,1,4,80,30,7,0,1
94,2,7.5,,12,16,43,0,1,0,0,1,3,82,,8,1,1
95,1,9.615571,17,17,17,27,0,0,1,0,1,4,65,,7,0,0
95,2,9.6340809,16,17,17,27,0,0,1,0,1,4,67,7,6,0,0
96,1,6.5161123,10,11,11,53,0,0,1,0,1,22,48,7,4,0,0
96,2,7.2765074,10,11,11,53,0,0,1,0,1,,78,,7,0,0
97,1,6.25,11,17,12,45,0,1,0,0,0,9,100,,,1,1
97,2,5.4945054,13,12,17,45,0,0,0,0,1,2,96,30,1,1,1
98,1,9.0811968,12,12,15,33,0,0,1,0,0,15,,,,0,0
98,2,8.1340952,13,15,10,33,0,0,1,0,0,15,70,,,0,0
99,1,7.3804574,11,12,14,44,0,0,1,0,1,8,101,20,4,0,0
99,2,6.8419957,11,14,12,44,1,0,1,0,0,,97,4,6,0,0
100,1,6.0336537,10,10,14,50,1,0,1,0,0,5,,,,1,1
100,2,6.4799333,10,12,11,50,0,0,1,0,0,1,,28,7,1,1
101,1,8.6538458,16,17,17,40,0,0,1,0,0,14,99,,,0,0
101,2,13.938101,17,17,17,40,0,1,0,0,1,16,68,,8,0,0
102,1,7.7702703,11,15,17,51,0,0,1,0,0,25,96,,,0,0
102,2,5,11,17,15,51,0,0,0,0,0,0,,,,1,1
103,1,9.2565088,16,17,17,51,0,0,0,0,1,19,,1,7,0,0
103,2,14.553015,11,17,17,51,0,0,1,0,0,8,88,5,6,0,0
104,1,2.6647437,,12,15,52,0,0,1,0,1,37,109,41,4,0,0
104,2,96.84375,10,14,10,52,0,0,1,0,1,20,55,5,1,0,0
105,1,10.439561,10,11,12,58,1,0,1,0,0,40,100,,,0,0
105,2,5.0099416,11,12,11,58,0,1,0,0,0,3,86,,,0,0
106,1,5.7172556,11,11,17,45,0,0,1,0,1,9,116,30,7,0,0
106,2,10.39501,10,17,11,45,0,0,1,0,1,10,,30,4,0,0
107,1,15.255245,16,16,16,43,0,0,1,0,0,22,120,,,0,0
107,2,11.675824,17,16,16,43,0,1,0,0,1,21,120,18,4,0,0
108,1,13.403263,16,17,15,47,0,0,1,0,1,26,104,27,7,0,0
108,2,9.3555098,11,15,17,47,0,0,0,0,1,11,107,34,5,0,0
109,1,17.315674,14,16,12,49,0,0,1,0,1,15,81,24,6,0,0
109,2,6.6930556,12,12,16,49,0,1,0,0,1,25,65,24,4,0,0
110,1,10.070375,11,16,16,46,0,1,0,0,1,23,,28,8,0,0
110,2,9.6153851,11,15,15,46,0,0,1,0,1,12,,1,8,0,0
111,1,7.6923075,11,12,16,31,1,0,1,0,1,11,86,16,7,0,0
111,2,10.256411,16,16,12,31,1,0,1,0,0,8,91,,,1,1
112,1,12.820513,19,17,17,36,1,0,0,0,1,10,70,13,7,0,0
112,2,20,17,17,17,36,0,0,0,0,0,13,100,,,0,0
113,1,12.980769,12,12,11,41,0,0,1,0,1,12,,,8,0,0
113,2,8.9445438,11,12,12,41,0,0,1,0,1,10,52,,,1,1
114,1,9.166667,11,15,15,47,0,0,1,0,1,30,66,25,4,0,1
114,2,4.9047618,11,15,15,47,0,1,0,0,0,30,64,,,0,0
115,1,7.71,15,15,14,41,0,1,0,0,1,6,92,,7,0,0
115,2,7.449584,11,14,15,41,0,0,1,0,1,5,92,,7,0,0
116,1,5.4000001,11,12,12,32,1,0,1,0,0,12,85,,,0,0
116,2,7.445055,11,12,12,32,1,0,1,0,0,1,91,,,0,1
117,1,10.164835,11,12,12,27,1,0,1,0,0,2,65,,,0,0
117,2,9.6153851,11,12,12,27,1,0,0,,0,,,,8,1,1
118,1,8.6538458,13,16,16,44,0,0,1,0,1,25,50,23,7,0,1
118,2,10.307566,15,17,16,44,1,0,1,0,1,3,52,13,8,0,0
119,1,7.2527471,11,12,12,43,0,0,1,0,1,8,88,36,1,1,1
119,2,7.3076925,11,12,12,43,1,0,1,0,1,10,80,24,3,1,1
120,1,7.5910931,10,12,10,55,1,0,1,0,1,26,,,2,1,1
120,2,6.5999999,10,17,10,55,1,0,1,0,0,32,,,,1,1
121,1,3.75,10,15,10,51,1,1,0,0,1,10,69,30,4,0,0
121,2,2.8029397,10,10,15,51,1,1,0,0,1,10,70,19,7,0,0
122,1,5.7199998,13,14,14,50,1,1,0,0,1,20,90,,8,0,0
122,2,11.813187,13,14,14,50,1,0,1,0,1,,,,8,0,0
123,1,75,17,16,12,28,0,0,1,0,0,1,96,4,8,0,0
123,2,8.0561333,14,16,16,28,0,0,1,0,1,3,106,4,2,0,0
124,1,19.23077,18,17,16,35,1,0,1,0,0,10,75,,,0,0
124,2,12.019231,15,16,17,35,1,0,1,0,0,4,65,,,0,0
125,1,14.189189,16,17,17,47,1,0,1,0,1,14,88,23,7,1,1
125,2,9.6153851,17,17,17,47,0,1,0,0,1,19,,,7,0,0
126,1,5.4861536,12,12,10,59,0,1,0,0,0,10,,,,0,0
126,2,4.75,11,11,10,59,1,0,1,0,1,6,110,44,7,1,1
127,1,13.621795,17,17,17,40,0,0,0,0,1,12,85,11,7,0,0
127,2,9.6153851,24,17,17,40,0,0,1,0,1,9,119,15,7,0,0
128,1,11.835165,13,16,16,43,0,0,0,0,0,20,106,20,8,0,0
128,2,90.277779,14,16,16,43,0,0,0,0,1,1,98,5,7,0,0
129,1,5.9523811,18,17,17,24,0,0,1,0,0,3,99,,,0,0
129,2,5.8139534,18,17,17,24,0,0,1,0,0,3,96,,,0,0
130,1,5.0016665,15,16,17,50,0,1,0,0,1,10,80,4,,0,1
130,2,8.6538458,24,17,14,50,1,0,,0,1,5,90,30,,0,0
131,1,10.39501,16,16,17,52,0,0,1,0,1,30,64,23,7,0,0
131,2,7.0512819,14,17,16,52,0,0,0,0,1,25,81,11,,0,0
132,1,10.714286,13,16,16,27,1,0,1,0,0,8,,,,0,0
132,2,20.97674,13,16,16,27,1,0,1,0,0,8,72,,,0,0
133,1,5.7142859,10,10,10,46,0,1,0,0,1,5,39,33,4,1,1
133,2,7.1300673,10,10,10,46,0,0,1,0,1,4,32,45,4,1,1
134,1,7.6923075,10,11,11,47,1,1,0,0,1,30,85,15,8,0,0
134,2,13.84627,10,10,11,47,1,1,0,0,1,,,,8,0,0
135,1,12.474012,10,12,12,25,1,0,1,0,1,3,113,10,1,1,1
135,2,5.0262237,13,12,12,25,1,0,1,0,1,2,112,1,8,1,1
136,1,13.461538,17,17,17,52,1,1,0,0,0,28,88,5,,0,0
136,2,9.4730768,13,17,17,52,1,0,1,0,1,10,40,10,6,0,0
137,1,30.887501,11,12,11,22,0,0,1,0,0,8,83,4,3,1,1
137,2,3.875,11,11,11,22,0,0,1,0,0,2,79,1,7,1,1
138,1,6.8607068,13,12,11,47,0,0,1,0,1,6,88,5,8,0,0
138,2,7.2527471,11,12,12,47,0,0,1,0,1,8,70,,,0,0
139,1,15.384615,10,10,12,56,0,1,0,0,1,10,73,,8,0,1
139,2,7.6923075,11,12,11,56,0,0,1,0,0,,66,,6,0,1
140,1,8,11,15,15,53,0,1,0,0,1,34,96,7,7,0,0
140,2,8.2666321,11,15,15,53,1,0,1,0,1,5,90,,7,0,0
141,1,3.6630037,11,10,10,57,1,1,0,0,1,10,28,31,3,0,0
141,2,4.9340658,11,10,10,57,1,1,0,0,0,13,44,,,0,0
142,1,8.0971661,11,11,11,58,1,0,1,0,1,3,,45,4,0,1
142,2,8.1854048,11,11,12,58,1,0,1,0,1,9,90,0,,0,1
143,1,8.8942308,14,12,17,50,0,0,1,0,0,25,80,,,0,1
143,2,6.0728745,14,17,12,50,0,0,1,0,1,3,82,,4,0,0
144,1,4.1208792,11,11,11,53,0,0,1,0,0,32,,,,0,0
144,2,9.3406591,11,11,11,53,1,0,1,0,0,32,,,,0,0
145,1,6.3186812,13,14,14,53,0,0,1,0,0,14,96,3,6,0,0
145,2,5.4573803,13,14,14,53,1,0,1,0,1,14,97,39,5,0,0
146,1,9.1435919,13,15,15,55,0,1,0,0,1,14,84,14,8,0,0
146,2,17.7815,13,15,15,55,0,1,0,0,1,19,92,4,4,0,0
147,1,6.4903846,11,16,12,40,0,0,1,0,0,,102,,4,0,0
147,2,1.3736264,11,12,12,40,0,0,0,,1,18,96,28,,0,0
148,1,6.4102564,11,14,12,55,0,0,1,0,0,30,116,,,0,1
148,2,5.4945054,11,12,14,55,0,0,1,0,1,10,108,20,7,0,0
149,1,5.4573803,10,11,12,56,0,0,1,0,1,6,100,45,4,0,0
149,2,8.333333,10,11,11,56,0,1,0,0,1,15,96,7,,1,1
150,1,4,11,11,10,42,0,1,0,0,0,3,106,,,1,1
150,2,3.4693878,11,12,12,42,0,0,1,0,0,1,104,,,1,1
151,1,11.057693,11,12,12,31,1,0,1,0,0,13,90,,,0,0
151,2,9.8076925,11,12,12,31,1,0,1,0,0,18,88,,,0,0
152,1,6.7873302,13,11,11,56,0,0,1,0,1,17,52,26,1,0,0
152,2,6.7567568,10,11,11,56,0,0,1,0,1,20,48,8,4,0,0
153,1,11.948718,11,17,12,41,0,1,0,0,1,1,86,23,8,1,1
153,2,15.384615,11,12,17,41,0,0,1,0,0,15,104,7,,0,1
154,1,6.4102564,11,12,12,38,0,0,0,0,1,2,109,4,6,0,0
154,2,4.5673075,11,12,12,38,0,0,1,0,0,,97,36,,0,0
155,1,5.25,13,12,12,42,0,0,0,0,1,11,81,23,4,0,0
155,2,5.25,13,12,12,42,0,1,0,0,1,7,83,15,4,0,0
156,1,7.8499999,11,12,12,52,1,0,1,0,0,14,52,,,0,0
156,2,8.7837839,11,12,12,52,1,0,1,0,1,12,67,25,7,0,1
157,1,6,12,12,12,59,0,0,0,1,1,8,,5,,0,0
157,2,10.833333,11,12,12,59,0,1,0,0,1,22,,3,3,0,0
158,1,8.5470085,10,10,10,47,1,0,1,0,0,11,64,1,1,1,1
158,2,16.52,10,16,10,47,1,1,0,0,1,2,71,14,4,1,1
159,1,27.692308,18,17,17,51,0,1,0,0,1,17,90,23,7,0,1
159,2,8.0817308,18,17,17,51,0,0,1,0,1,,104,,7,0,0
160,1,7.6923075,14,12,12,49,0,0,0,1,1,32,66,30,8,0,0
160,2,6.7567568,12,12,12,49,0,1,0,0,1,,,,,0,1
161,1,6.438127,12,12,12,51,0,1,0,0,1,11,56,33,4,0,0
161,2,4.6373148,12,15,15,51,0,1,0,0,1,15,32,24,4,0,0
162,1,7.6403327,10,12,16,52,0,1,0,0,1,13,112,5,6,1,1
162,2,16.826923,10,10,10,52,0,0,1,0,1,11,99,,,1,1
163,1,7.0356474,13,16,16,47,1,0,1,0,0,1,100,,,0,1
163,2,5.0332031,13,16,16,47,1,1,0,0,1,1,102,21,7,0,0
164,1,13.157895,11,15,15,47,0,0,1,0,0,30,62,,,0,0
164,2,13.157895,11,15,15,47,0,0,1,0,0,30,,,,0,0
165,1,14.423077,15,17,12,51,1,0,0,0,0,17,112,,,1,1
165,2,10.096154,11,12,17,51,1,0,1,0,0,20,123,,,0,1
166,1,4.8076925,11,17,12,54,1,0,0,1,1,5,52,,4,0,0
166,2,5.7692308,11,11,16,54,1,1,0,0,1,14,39,,8,0,0
167,1,8.9743586,10,16,17,51,1,0,1,0,1,9,,6,4,0,0
167,2,13.370193,24,17,16,51,1,0,1,0,0,12,,12,4,0,0
168,1,6.25,13,16,16,49,1,0,0,0,1,5,108,27,8,0,1
168,2,6.8293056,13,12,12,49,0,1,0,0,1,31,112,,7,0,0
169,1,10.706861,,16,17,46,1,0,1,0,1,10,76,,4,0,0
169,2,8.6538458,12,16,16,46,1,0,1,0,1,12,84,35,4,0,0
170,1,10.188461,11,11,11,50,1,0,1,0,1,12,112,12,8,1,1
170,2,7.2765074,10,11,11,50,1,0,1,0,0,7,103,,,1,1
171,1,9.1093121,13,16,15,48,0,0,1,0,1,6,115,25,7,0,0
171,2,4.625,12,16,16,48,0,1,0,0,1,6,104,28,3,1,1
172,1,28.846153,11,12,16,48,0,1,0,0,1,2,92,8,8,0,0
172,2,12.32,15,16,12,48,0,1,0,0,0,8,,,,0,1
173,1,3.8461537,,17,16,47,1,0,1,0,1,2,92,40,8,1,1
173,2,5.5555553,17,16,17,47,1,0,1,0,1,1,82,30,7,1,1
174,1,11.153846,17,17,17,47,1,0,1,0,0,24,91,,,0,0
174,2,10.848126,17,17,17,47,1,0,1,0,0,25,84,,,0,0
175,1,5.8823528,10,10,10,52,0,1,0,0,1,11,,50,4,0,0
175,2,4.1580043,10,10,10,52,0,0,1,0,1,5,,10,1,0,0
176,1,10.149572,16,17,17,48,0,0,0,0,1,23,109,27,6,0,0
176,2,14.743589,16,17,17,48,0,0,1,0,1,27,106,30,7,0,0
177,1,11.737363,16,17,17,50,0,0,1,0,0,21,96,,,0,0
177,2,8.4010992,16,17,17,50,0,0,0,0,0,21,106,,,0,0
178,1,7.03125,12,15,16,51,0,0,1,0,0,,112,,,0,0
178,2,3.3333333,21,16,15,51,0,1,0,0,0,1,104,,,0,0
179,1,9.3623486,12,12,16,48,0,0,1,0,0,31,,,,0,0
179,2,5,12,16,12,48,0,1,0,0,1,3,,,6,0,0
180,1,5,10,10,10,53,1,1,0,0,1,23,69,25,1,0,0
180,2,3.3333333,,10,10,53,1,1,0,0,1,8,,,,0,0
181,1,7.4786325,11,12,12,52,1,0,0,1,0,10,66,,,0,0
181,2,2.2435896,10,11,11,52,0,0,1,0,0,20,64,,,0,0
182,1,7.9375,17,17,17,52,1,0,1,0,1,7,100,6,7,1,1
182,2,11.950549,16,17,17,52,1,0,1,0,1,20,90,,7,0,1
183,1,6.040472,10,11,11,50,0,1,0,0,1,10,98,23,6,0,0
183,2,8.4841633,10,11,11,50,0,1,0,0,1,27,95,17,5,0,0
184,1,12.955668,13,17,12,53,0,0,1,0,1,25,50,15,8,0,0
184,2,5.8654809,12,12,17,53,1,0,1,0,1,15,52,4,,0,0
185,1,11.854945,11,12,12,46,1,0,1,0,1,30,61,6,1,0,0
185,2,9.4686813,11,12,12,46,1,0,1,0,1,16,77,2,4,0,0
186,1,7.03125,16,16,16,46,0,1,0,0,1,25,116,30,7,0,0
186,2,30,16,17,17,46,0,1,0,0,1,15,118,27,7,0,0
187,1,5.7692308,11,12,15,44,1,0,1,0,1,17,77,16,1,1,1
187,2,10.810811,11,16,10,44,1,0,1,0,1,24,67,5,1,0,0
188,1,5.3461537,10,10,10,49,1,0,1,0,1,14,95,13,4,1,1
188,2,5.3296704,10,10,10,49,1,0,1,0,1,18,101,35,1,0,0
189,1,12.993763,13,14,14,51,1,0,1,0,1,11,82,35,4,0,0
189,2,6.6199999,13,14,14,51,1,1,0,0,1,8,84,4,,0,0
190,1,12.820513,17,15,10,49,1,1,0,0,1,27,70,,5,0,0
190,2,9.6153851,13,17,10,49,0,1,0,0,1,,56,,,0,0
191,1,10.256411,13,17,12,52,0,0,1,0,1,10,70,3,,0,1
191,2,5,10,12,15,52,0,0,0,,1,37,86,38,4,1,1
192,1,8.9743586,17,17,17,48,0,0,1,0,1,20,80,23,7,0,0
192,2,10.239583,17,17,17,48,0,0,1,0,1,20,,26,7,0,0
193,1,5.3274426,10,10,11,47,0,0,1,0,1,,48,,8,0,0
193,2,5.671875,10,11,10,47,0,1,0,0,0,1,64,14,8,0,0
194,1,7.2115383,14,12,17,47,1,1,0,0,1,1,74,33,4,1,1
194,2,4,24,17,10,47,1,0,1,0,0,1,77,,,1,1
195,1,6.9230771,12,12,15,58,1,0,0,1,0,15,81,25,7,0,0
195,2,7.3000002,11,15,12,58,1,1,0,0,1,13,,45,7,0,0
196,1,6,13,12,12,39,1,1,0,0,0,1,93,30,4,0,0
196,2,1.575,13,12,12,39,1,0,0,0,1,,83,17,6,0,0
197,1,12.913736,17,17,17,30,0,0,0,0,1,7,98,5,8,0,0
197,2,9.7401667,16,17,17,30,0,0,1,0,1,5,106,13,6,0,0
198,1,9.6153851,11,10,10,45,1,0,1,0,0,17,64,,,0,0
198,2,7.6923075,11,12,12,45,0,1,0,0,1,11,,20,6,0,0
199,1,27.5,12,17,17,49,1,1,0,0,0,17,,,,0,1
199,2,9.89011,14,17,17,49,1,0,1,0,1,25,88,20,8,0,1
200,1,9.6153851,12,14,15,29,0,0,1,0,1,10,119,4,8,0,0
200,2,8.5758839,13,15,14,29,1,0,1,0,0,11,115,,,0,0
201,1,37.5,11,12,14,36,0,0,1,0,0,20,84,,,0,0
201,2,37.5,11,14,12,36,0,0,1,0,0,20,84,,,0,0
202,1,10.470374,13,15,17,31,0,0,1,0,0,13,103,,,0,1
202,2,10.817307,13,17,16,31,0,1,0,0,0,6,114,,,0,1
203,1,5.8499999,11,16,12,51,1,1,0,0,1,26,97,36,4,0,0
203,2,6.4560437,11,12,16,51,1,0,1,0,1,,103,,2,1,1
204,1,10.39501,19,17,17,41,1,0,1,0,1,9,59,15,8,0,0
204,2,5,17,17,17,41,0,0,0,,0,3,59,,,0,0
205,1,5.25,10,11,11,42,0,0,1,0,1,4,123,8,5,1,1
205,2,5.3000002,10,10,10,42,0,1,0,0,1,4,124,,,1,1
206,1,5.4945054,14,14,14,39,0,0,1,0,0,2,74,15,2,0,0
206,2,14.285714,14,14,14,39,1,0,1,0,0,13,65,15,7,0,0
207,1,7.719697,10,16,17,45,0,0,1,0,0,15,81,,,0,0
207,2,9.4890108,11,17,16,45,0,0,1,0,1,8,80,3,8,0,0
208,1,15.5,14,14,17,47,1,1,0,0,1,24,88,27,7,0,0
208,2,8.4615383,19,17,12,47,0,0,1,0,1,21,120,20,8,0,0
209,1,9.0811968,13,16,12,50,0,0,1,0,1,6,101,24,3,0,1
209,2,14.835165,14,12,16,50,0,0,1,0,1,21,86,3,,0,1
210,1,6.25,19,17,17,56,0,0,1,0,1,3,,5,,0,0
210,2,5.7692308,16,17,17,56,0,1,0,0,0,1,80,,,0,0
211,1,12.355769,16,16,16,45,0,1,0,0,1,23,80,30,8,0,0
211,2,10.32,16,16,16,45,0,1,0,0,1,23,80,27,7,0,0
212,1,10,13,14,14,41,0,1,0,0,1,8,94,8,4,0,0
212,2,8.6111107,13,14,14,41,0,1,0,0,1,4,91,26,1,0,0
213,1,4.4200001,11,11,11,54,0,1,0,0,1,6,128,55,4,0,0
213,2,4.7692308,11,12,14,54,0,0,1,0,1,17,,50,,0,0
214,1,5.3418803,24,17,17,37,1,0,0,1,0,5,,10,7,0,1
214,2,28.846153,,17,17,37,1,0,0,,0,,,,,0,0
